id,conversation_id,created_at,date,time,timezone,user_id,username,name,place,tweet,language,mentions,urls,photos,replies_count,retweets_count,likes_count,hashtags,cashtags,link,retweet,quote_url,video,thumbnail,near,geo,source,user_rt_id,user_rt,retweet_id,reply_to,retweet_date,translate,trans_src,trans_dest
1509260554455732233,1509260554455732233,2022-03-30 16:05:31 Eastern Daylight Time,2022-03-30,16:05:31,-0400,1075866219465637888,lgmandelabarnes,Lt. Governor Mandela Barnes,,"Thank you @ecoAmerica for having me for a great conversation with @RepPaulTonko and @RepCasten. Like I said during yesterday's panel, it's time to get to work on climate change.",en,"[{'screen_name': 'ecoamerica', 'name': 'ecoamerica', 'id': '31887585'}, {'screen_name': 'reppaultonko', 'name': 'paul tonko ‚ö´Ô∏è', 'id': '84119348'}, {'screen_name': 'repcasten', 'name': 'rep. sean casten', 'id': '1083472286089396224'}]",[],[],1,2,9,[],[],https://twitter.com/LGMandelaBarnes/status/1509260554455732233,False,https://twitter.com/ecoAmerica/status/1508891524523868161,0,,,,,,,,[],,,,
1509180742412161035,1509180523515682817,2022-03-30 10:48:22 Eastern Daylight Time,2022-03-30,10:48:22,-0400,1075866219465637888,lgmandelabarnes,Lt. Governor Mandela Barnes,,"(3/3) I have one of her campaign posters hanging in my office to remind me of the magnificent women who have contributed so much to society, and all of the ones who are sure to follow. #WomensHistoryMonth #ShirleyChisolm",en,[],[],[],1,0,6,"['womenshistorymonth', 'shirleychisolm']",[],https://twitter.com/LGMandelaBarnes/status/1509180742412161035,False,,0,,,,,,,,[],,,,
1509180612615225346,1509180523515682817,2022-03-30 10:47:51 Eastern Daylight Time,2022-03-30,10:47:51,-0400,1075866219465637888,lgmandelabarnes,Lt. Governor Mandela Barnes,,"(2/3) Shirley Chisholm was the first Black woman to be elected to the United States Congress, and the first woman and African American to seek the nomination for President of the United States from one of the two major political parties.",en,[],[],[],1,0,6,[],[],https://twitter.com/LGMandelaBarnes/status/1509180612615225346,False,,0,,,,,,,,[],,,,
1509180523515682817,1509180523515682817,2022-03-30 10:47:30 Eastern Daylight Time,2022-03-30,10:47:30,-0400,1075866219465637888,lgmandelabarnes,Lt. Governor Mandela Barnes,,"(1/3) Just because Women's History Month is coming to an end, that doesn't mean we cannot keep celebrating the incredible women who have made their mark on the world. One of them is Shirley Chisholm.  https://t.co/3QE0uSQXFV",en,[],[],['https://pbs.twimg.com/media/FPGu_HBXsAQB6Sy.jpg'],2,3,22,[],[],https://twitter.com/LGMandelaBarnes/status/1509180523515682817,False,,1,https://pbs.twimg.com/media/FPGu_HBXsAQB6Sy.jpg,,,,,,,[],,,,
1508896758750978054,1508896758750978054,2022-03-29 15:59:55 Eastern Daylight Time,2022-03-29,15:59:55,-0400,1075866219465637888,lgmandelabarnes,Lt. Governor Mandela Barnes,,"Each year, the United States honors Vietnam War veterans on March 29, which marks the day the last U.S. combat troops departed Vietnam in 1973. To the Vietnam War veterans: thank you for your service and sacrifices.  https://t.co/J8ieNmIgHd",en,[],[],['https://pbs.twimg.com/media/FPCtil3WYA8HBY-.jpg'],2,0,11,[],[],https://twitter.com/LGMandelaBarnes/status/1508896758750978054,False,,1,https://pbs.twimg.com/media/FPCtil3WYA8HBY-.jpg,,,,,,,[],,,,
1508468379757207565,1508468379757207565,2022-03-28 11:37:42 Eastern Daylight Time,2022-03-28,11:37:42,-0400,1075866219465637888,lgmandelabarnes,Lt. Governor Mandela Barnes,,On Saturday night I got to visit @MadCircusSpace to see the Solar Powered Circus! All of the performances highlighted the climate and the positive impact #solarpower can have on our lives. Plus we were treated to a tremendous performance by @FlyersMilwaukee !üé™‚òÄÔ∏è  https://t.co/2JmWWHVUOU,en,"[{'screen_name': 'madcircusspace', 'name': 'madison circus space', 'id': '1348298126'}, {'screen_name': 'flyersmilwaukee', 'name': 'milwaukee flyers', 'id': '1961872758'}]",[],"['https://pbs.twimg.com/media/FO8nv0wXEAQ_2_D.jpg', 'https://pbs.twimg.com/media/FO8nwgrXwAkcSlV.jpg', 'https://pbs.twimg.com/media/FO8nxHLXoAMV48k.jpg']",3,1,16,['solarpower'],[],https://twitter.com/LGMandelaBarnes/status/1508468379757207565,False,,1,https://pbs.twimg.com/media/FO8nv0wXEAQ_2_D.jpg,,,,,,,[],,,,
1507005916385841152,1507005916385841152,2022-03-24 10:46:23 Eastern Daylight Time,2022-03-24,10:46:23,-0400,1075866219465637888,lgmandelabarnes,Lt. Governor Mandela Barnes,,"So awesome to see this project coming from @UWSystem and @UWOshkosh, especially after being on campus last fall to discuss climate change and sustainability. #RenewableEnergy",en,"[{'screen_name': 'uwsystem', 'name': 'uw system', 'id': '39261830'}, {'screen_name': 'uwoshkosh', 'name': 'uw oshkosh', 'id': '17388478'}]",[],[],2,0,9,['renewableenergy'],[],https://twitter.com/LGMandelaBarnes/status/1507005916385841152,False,https://twitter.com/UWSystem/status/1506697032286806017,0,,,,,,,,[],,,,
1506300746928697348,1506300746928697348,2022-03-22 12:04:18 Eastern Daylight Time,2022-03-22,12:04:18,-0400,1075866219465637888,lgmandelabarnes,Lt. Governor Mandela Barnes,,"Happy National Ag Day! Today we celebrate the hard work and dedication of Wisconsin's farmers and their families. Milk, cheese, cranberries, ginseng, maple syrup, and more are made right in Wisconsin every day, and it is all in a day's work for our #farmers. #AgDay22  https://t.co/vGikNkMyJm",en,[],[],"['https://pbs.twimg.com/media/FOd0hFxXEAwT6Gy.jpg', 'https://pbs.twimg.com/media/FOd0iHgXwAUIwL2.jpg']",1,2,15,"['farmers', 'agday22']",[],https://twitter.com/LGMandelaBarnes/status/1506300746928697348,False,,1,https://pbs.twimg.com/media/FOd0hFxXEAwT6Gy.jpg,,,,,,,[],,,,
1505529648171651076,1505529648171651076,2022-03-20 09:00:14 Eastern Daylight Time,2022-03-20,09:00:14,-0400,1075866219465637888,lgmandelabarnes,Lt. Governor Mandela Barnes,,Happy First Day of Spring!üå∏  https://t.co/5AekE0McrB,en,[],[],['https://pbs.twimg.com/media/FOS3PF5XMAQdaWu.jpg'],1,4,18,[],[],https://twitter.com/LGMandelaBarnes/status/1505529648171651076,False,,1,https://pbs.twimg.com/media/FOS3PF5XMAQdaWu.jpg,,,,,,,[],,,,
1504472978171461641,1504472978171461641,2022-03-17 11:01:24 Eastern Daylight Time,2022-03-17,11:01:24,-0400,1075866219465637888,lgmandelabarnes,Lt. Governor Mandela Barnes,,"I hope everyone has a fun, festive, and safe St. Patrick's Day!üçÄ  https://t.co/K3YLKA4kAk",en,[],[],['https://pbs.twimg.com/media/FOD2MuGUYBAeTGu.jpg'],5,1,17,[],[],https://twitter.com/LGMandelaBarnes/status/1504472978171461641,False,,1,https://pbs.twimg.com/media/FOD2MuGUYBAeTGu.jpg,,,,,,,[],,,,
1504159522637688842,1504159522637688842,2022-03-16 14:15:50 Eastern Daylight Time,2022-03-16,14:15:50,-0400,1075866219465637888,lgmandelabarnes,Lt. Governor Mandela Barnes,,Lt. Gov. Barnes has tested positive for COVID-19 after a routine test. He is grateful to be vaccinated and is not experiencing any symptoms. The Lt. Gov. will follow CDC protocol and isolate for 5 days. He encourages Wisconsinites to get vaccinated if they have not yet done so.,en,[],[],[],7,9,62,[],[],https://twitter.com/LGMandelaBarnes/status/1504159522637688842,False,,0,,,,,,,,[],,,,
1504121593391243268,1504121593391243268,2022-03-16 11:45:07 Eastern Daylight Time,2022-03-16,11:45:07,-0400,1075866219465637888,lgmandelabarnes,Lt. Governor Mandela Barnes,,"Today is National Vaccination Day, and it's a timely reminder to get your COVID-19 vaccine if you haven't yet. Getting your vaccine, including your booster shot, is an essential step towards beating the pandemic. Visit  https://t.co/1Z4DzumTzP to find a vaccination site near you.  https://t.co/RnlORg4UZ0",en,[],['http://vaccines.gov'],['https://pbs.twimg.com/media/FN-2ngtWYAUHSuN.jpg'],4,4,9,[],[],https://twitter.com/LGMandelaBarnes/status/1504121593391243268,False,,1,https://pbs.twimg.com/media/FN-2ngtWYAUHSuN.jpg,,,,,,,[],,,,
1503785709907419142,1503785709907419142,2022-03-15 13:30:26 Eastern Daylight Time,2022-03-15,13:30:26,-0400,1075866219465637888,lgmandelabarnes,Lt. Governor Mandela Barnes,,"Thank you to @GeniaStevens and Rock County Jumpstart for having me speak at the inaugural Pitch Night. I applaud your dedication in supporting local Black and Brown businesses in Rock County, and helping them in their journeys towards success.  https://t.co/TLULLs0y0z",en,"[{'screen_name': 'geniastevens', 'name': 'genia stevens', 'id': '15779252'}]",[],['https://pbs.twimg.com/media/FN6Cb2AX0AYuHT1.jpg'],2,1,6,[],[],https://twitter.com/LGMandelaBarnes/status/1503785709907419142,False,,1,https://pbs.twimg.com/media/FN6Cb2AX0AYuHT1.jpg,,,,,,,[],,,,
1503448150094319623,1503448150094319623,2022-03-14 15:09:06 Eastern Daylight Time,2022-03-14,15:09:06,-0400,1075866219465637888,lgmandelabarnes,Lt. Governor Mandela Barnes,,I had a great time at Research in the Rotunda learning about the innovative research within @UWSystem! I was impressed by the vast array of critical topics that our students and faculty have dedicated themselves to. Great things are ahead for all of these students! #AllinWI  https://t.co/RFoKrov0BU,en,"[{'screen_name': 'uwsystem', 'name': 'uw system', 'id': '39261830'}]",[],"['https://pbs.twimg.com/media/FN1JJ3rWUAACnJ2.jpg', 'https://pbs.twimg.com/media/FN1JLFuXoAYvv-n.jpg']",3,2,13,['allinwi'],[],https://twitter.com/LGMandelaBarnes/status/1503448150094319623,False,,1,https://pbs.twimg.com/media/FN1JJ3rWUAACnJ2.jpg,,,,,,,[],,,,
1501972882032930823,1501972882032930823,2022-03-10 12:26:55 Eastern Standard Time,2022-03-10,12:26:55,-0400,1075866219465637888,lgmandelabarnes,Lt. Governor Mandela Barnes,,"Honored to speak at the @dstinc1913 Statewide Founders Day Celebration. 109 years of sisterhood, scholarship, and service is definitely worth celebrating. I look forward to the next 109 years and continuing to partner with you as we continue to work for positive change in WI!  https://t.co/vBzzcGKEp8",en,"[{'screen_name': 'dstinc1913', 'name': 'dstinc1913', 'id': '454919764'}]",[],"['https://pbs.twimg.com/media/FNgUXsvWUAI2pQW.jpg', 'https://pbs.twimg.com/media/FNgUYGMXwAMh6rT.jpg']",3,0,5,[],[],https://twitter.com/LGMandelaBarnes/status/1501972882032930823,False,,1,https://pbs.twimg.com/media/FNgUXsvWUAI2pQW.jpg,,,,,,,[],,,,
1501219261813080071,1501219260445691914,2022-03-08 10:32:17 Eastern Standard Time,2022-03-08,10:32:17,-0400,1075866219465637888,lgmandelabarnes,Lt. Governor Mandela Barnes,,I'm in awe of the resiliency of¬†Jeffrey and Susan Bergeman and know their experiences and story will continue to inspire their community and those across the country.,en,[],[],[],1,0,3,[],[],https://twitter.com/LGMandelaBarnes/status/1501219261813080071,False,,0,,,,,,,,[],,,,
1501219260445691914,1501219260445691914,2022-03-08 10:32:17 Eastern Standard Time,2022-03-08,10:32:17,-0400,1075866219465637888,lgmandelabarnes,Lt. Governor Mandela Barnes,,Had a wonderful time visiting @ChippewaFallsSD last week to meet with the Bergeman family and speak to students and parents for the Spring Sports Kickoff!   https://t.co/YDJVriQbkH,en,"[{'screen_name': 'chippewafallssd', 'name': 'chippewa falls area unified school district', 'id': '288241508'}]",['https://www.wqow.com/sports/lt-governor-barnes-meets-bergeman-family/article_bee7b4ae-9900-11ec-bda6-e3cc92187266.html'],[],2,0,6,[],[],https://twitter.com/LGMandelaBarnes/status/1501219260445691914,False,,0,,,,,,,,[],,,,
1500973394745040900,1500973393344180229,2022-03-07 18:15:18 Eastern Standard Time,2022-03-07,18:15:18,-0400,1075866219465637888,lgmandelabarnes,Lt. Governor Mandela Barnes,,It was great to see the university‚Äôs workforce connections in action and to visit one of the highest quality undergraduate technology labs in the nation!,en,[],[],[],1,0,2,[],[],https://twitter.com/LGMandelaBarnes/status/1500973394745040900,False,,0,,,,,,,,[],,,,
1500973393344180229,1500973393344180229,2022-03-07 18:15:18 Eastern Standard Time,2022-03-07,18:15:18,-0400,1075866219465637888,lgmandelabarnes,Lt. Governor Mandela Barnes,,Thank you @uwstout for giving me a tour of your Plastics Engineering lab and having me at your annual Spring Career Conference on campus last week.   https://t.co/FRNT2PHnxT,en,"[{'screen_name': 'uwstout', 'name': 'uw-stout', 'id': '18297817'}]",['https://www.weau.com/2022/02/28/uw-stout-spring-2022-career-conference-week-kicks-off/'],[],2,0,10,[],[],https://twitter.com/LGMandelaBarnes/status/1500973393344180229,False,,0,,,,,,,,[],,,,
1499499858344177665,1499499855445696519,2022-03-03 16:40:00 Eastern Standard Time,2022-03-03,16:40:00,-0400,1075866219465637888,lgmandelabarnes,Lt. Governor Mandela Barnes,,"Helping individuals with education, workforce training, and job placement not only helps the ones we're serving, but our state as a whole. Here‚Äôs to the next 10 years and beyond!",en,[],[],[],1,1,5,[],[],https://twitter.com/LGMandelaBarnes/status/1499499858344177665,False,,0,,,,,,,,[],,,,
1499499855445696519,1499499855445696519,2022-03-03 16:39:59 Eastern Standard Time,2022-03-03,16:39:59,-0400,1075866219465637888,lgmandelabarnes,Lt. Governor Mandela Barnes,,Had the honor of attending the 10 year anniversary of @Latino_Academy last week. Thank you to everyone involved with this amazing organization that has worked tirelessly to address inequity and social injustice in Wisconsin.  https://t.co/iEugl8vc7O,en,"[{'screen_name': 'latino_academy', 'name': 'latino academy of workforce development', 'id': '789195586830336000'}]",[],['https://pbs.twimg.com/media/FM9LK2lXoAYK0OR.jpg'],3,3,10,[],[],https://twitter.com/LGMandelaBarnes/status/1499499855445696519,False,,1,https://pbs.twimg.com/media/FM9LK2lXoAYK0OR.jpg,,,,,,,[],,,,
1499498918681497602,1499498916211052548,2022-03-03 16:36:16 Eastern Standard Time,2022-03-03,16:36:16,-0400,1075866219465637888,lgmandelabarnes,Lt. Governor Mandela Barnes,,"Helping individuals with education, workforce training, and job placement not only helps the ones we're serving, but our state as a whole. Here‚Äôs to the next 10 years and beyond!",en,[],[],[],0,0,0,[],[],https://twitter.com/LGMandelaBarnes/status/1499498918681497602,False,,0,,,,,,,,[],,,,
1499459597035315209,1499459597035315209,2022-03-03 14:00:01 Eastern Standard Time,2022-03-03,14:00:01,-0400,1075866219465637888,lgmandelabarnes,Lt. Governor Mandela Barnes,,"It was an honor to attend the @POTUS visit to @uw_superior and hear about the plans for an ""Infrastructure Decade"" right here in WI.  Added bonus - great to spend some time with my friend and colleague across the river, @LtGovFlanagan!  https://t.co/YNrdNcphqf",en,"[{'screen_name': 'potus', 'name': 'president biden', 'id': '1349149096909668363'}, {'screen_name': 'uw_superior', 'name': 'uw-superior', 'id': '89737115'}, {'screen_name': 'ltgovflanagan', 'name': 'lt. governor peggy flanagan', 'id': '1064636307257860096'}]",[],"['https://pbs.twimg.com/media/FM8mjYlWYAEzbN4.jpg', 'https://pbs.twimg.com/media/FM8mjYiXoAUcSOf.jpg']",2,0,17,[],[],https://twitter.com/LGMandelaBarnes/status/1499459597035315209,False,,1,https://pbs.twimg.com/media/FM8mjYlWYAEzbN4.jpg,,,,,,,[],,,,
1499181819031429128,1499181446887530497,2022-03-02 19:36:13 Eastern Standard Time,2022-03-02,19:36:13,-0400,1075866219465637888,lgmandelabarnes,Lt. Governor Mandela Barnes,,"This year, I am honored to read ‚ÄúLife Doesn‚Äôt Frighten Me‚Äù by @DrMayaAngelou. Especially in a time where it is easy to be afraid, her words create a place where every child and every person can experience and celebrate their own fearlessness.  https://t.co/oK0iI1xasP",en,"[{'screen_name': 'drmayaangelou', 'name': 'maya angelou', 'id': '146099195'}]",[],[],1,0,6,[],[],https://twitter.com/LGMandelaBarnes/status/1499181819031429128,False,,1,https://pbs.twimg.com/ext_tw_video_thumb/1499181719404138497/pu/img/fLD8vYWZjkVF1I3k.jpg,,,,,,,[],,,,
1499181446887530497,1499181446887530497,2022-03-02 19:34:45 Eastern Standard Time,2022-03-02,19:34:45,-0400,1075866219465637888,lgmandelabarnes,Lt. Governor Mandela Barnes,,"I‚Äôm proud to celebrate #ReadAcrossAmericaDay today! Stories help us understand who we are, and connecting our communities with diverse accounts offers everyone different perspectives and helps us all see how others think and feel.  https://t.co/Ar7inI10c7",en,[],[],[],3,2,25,['readacrossamericaday'],[],https://twitter.com/LGMandelaBarnes/status/1499181446887530497,False,,1,https://pbs.twimg.com/ext_tw_video_thumb/1499181323201691657/pu/img/cwW18CgQVA0-Evs9.jpg,,,,,,,[],,,,
1498704201278537731,1498704201278537731,2022-03-01 11:58:20 Eastern Standard Time,2022-03-01,11:58:20,-0400,1075866219465637888,lgmandelabarnes,Lt. Governor Mandela Barnes,,"Thanks for having me, @UWRiverFalls! It is always great to visit campus, and I especially enjoyed this opportunity to talk about the need to take action on climate change.",en,"[{'screen_name': 'uwriverfalls', 'name': 'uw-river falls', 'id': '145740499'}]",[],[],4,2,10,[],[],https://twitter.com/LGMandelaBarnes/status/1498704201278537731,False,https://twitter.com/UWRiverFalls/status/1498428279589675008,0,,,,,,,,[],,,,
1496889703152377859,1496889703152377859,2022-02-24 11:48:10 Eastern Standard Time,2022-02-24,11:48:10,-0400,1075866219465637888,lgmandelabarnes,Lt. Governor Mandela Barnes,,"Thank you @FCC for having me join an important discussion on the digital divide in Black communities. It will take a concerted effort from us to bridge the gap. I'm optimistic, as we have the infrastructure and support we need to continue to champion increased broadband access.  https://t.co/KI1ChrYwXQ",en,"[{'screen_name': 'fcc', 'name': 'the fcc', 'id': '66369206'}]",[],['https://pbs.twimg.com/media/FMYFQKZXIAUJLno.jpg'],4,7,28,[],[],https://twitter.com/LGMandelaBarnes/status/1496889703152377859,False,,1,https://pbs.twimg.com/media/FMYFQKZXIAUJLno.jpg,,,,,,,[],,,,
1496608423974248453,1496608421767954434,2022-02-23 17:10:28 Eastern Standard Time,2022-02-23,17:10:28,-0400,1075866219465637888,lgmandelabarnes,Lt. Governor Mandela Barnes,,I had a great time discussing about the importance of investing in our technical colleges in order to grow the state‚Äôs workforce and maintain affordability and accessibility for students.,en,[],[],[],1,1,3,[],[],https://twitter.com/LGMandelaBarnes/status/1496608423974248453,False,,0,,,,,,,,[],,,,
1496608421767954434,1496608421767954434,2022-02-23 17:10:28 Eastern Standard Time,2022-02-23,17:10:28,-0400,1075866219465637888,lgmandelabarnes,Lt. Governor Mandela Barnes,,Thank you to @WSGtechcolleges for having me speak at your Legislative Seminar! You should be proud of the work you do to represent and advocate for students across our 16 @WisTechColleges college districts.  https://t.co/QHhfKLcek4,en,"[{'screen_name': 'wsgtechcolleges', 'name': 'wsg', 'id': '426435280'}, {'screen_name': 'wistechcolleges', 'name': 'wisconsin technical colleges', 'id': '28359028'}]",[],"['https://pbs.twimg.com/media/FMUFbF-XMAMTwmW.jpg', 'https://pbs.twimg.com/media/FMUFbX5WQAIwmSU.jpg']",2,2,4,[],[],https://twitter.com/LGMandelaBarnes/status/1496608421767954434,False,,1,https://pbs.twimg.com/media/FMUFbF-XMAMTwmW.jpg,,,,,,,[],,,,
1496569561298186246,1496569558567632900,2022-02-23 14:36:02 Eastern Standard Time,2022-02-23,14:36:02,-0400,1075866219465637888,lgmandelabarnes,Lt. Governor Mandela Barnes,,I am proud of the partnership our administration has with all eleven federally recognized Tribes in Wisconsin and look forward to continuing our work together.,en,[],[],[],0,0,6,[],[],https://twitter.com/LGMandelaBarnes/status/1496569561298186246,False,,0,,,,,,,,[],,,,
1496569559989600257,1496569558567632900,2022-02-23 14:36:02 Eastern Standard Time,2022-02-23,14:36:02,-0400,1075866219465637888,lgmandelabarnes,Lt. Governor Mandela Barnes,,Thank you to all the Tribal leaders and to President Holsey for discussing the equitable recovery from the pandemic and other issues facing Indigenous communities.,en,[],[],[],2,0,8,[],[],https://twitter.com/LGMandelaBarnes/status/1496569559989600257,False,,0,,,,,,,,[],,,,
1496569558567632900,1496569558567632900,2022-02-23 14:36:02 Eastern Standard Time,2022-02-23,14:36:02,-0400,1075866219465637888,lgmandelabarnes,Lt. Governor Mandela Barnes,,I had the privilege of attending the annual State of the Tribes Address given this year by President @ShannonHolsey of the Stockbridge-Munsee Band of Mohican Indians.   https://t.co/0yiZhZWtFn,en,"[{'screen_name': 'shannonholsey', 'name': 'shannon holsey', 'id': '2569899517'}]",['https://www.wqow.com/news/wisconsin/resiliency-representation-at-forefront-of-state-of-the-tribes-address/article_91a57c28-84aa-5611-a880-380596fb47f1.amp.html'],[],2,2,13,[],[],https://twitter.com/LGMandelaBarnes/status/1496569558567632900,False,,0,,,,,,,,[],,,,
1495824812685549568,1495824812685549568,2022-02-21 13:16:41 Eastern Standard Time,2022-02-21,13:16:41,-0400,1075866219465637888,lgmandelabarnes,Lt. Governor Mandela Barnes,,"On February 25th 11am CST the Family Impact sub-committee welcomes all WI MMIW families to share their voices and expertise around the issues of MMIW to uplift issues of justice, healing, and future solutions for change. The zoom link to join can be found on the WI DOJ Website.  https://t.co/LxNCqHPqTz",en,[],[],['https://pbs.twimg.com/media/FMI8vWTXwAEkZt8.jpg'],2,2,7,[],[],https://twitter.com/LGMandelaBarnes/status/1495824812685549568,False,,1,https://pbs.twimg.com/media/FMI8vWTXwAEkZt8.jpg,,,,,,,[],,,,
1494470655961620486,1494470642737070080,2022-02-17 19:35:44 Eastern Standard Time,2022-02-17,19:35:44,-0400,1075866219465637888,lgmandelabarnes,Lt. Governor Mandela Barnes,,"I also enjoyed meeting with @StateRepHong and student leaders to talk about student experiences and support services during the pandemic, as well as tour @UWMulticultural in the Red Gym to hear about their work to create a just and inclusive experience on campus.  https://t.co/W6grtYokuX",en,"[{'screen_name': 'staterephong', 'name': 'rep. francesca hong ÌôçÏú§Ï†ï', 'id': '1336316193850978304'}, {'screen_name': 'uwmulticultural', 'name': 'uw-madison msc', 'id': '249797908'}]",[],"['https://pbs.twimg.com/media/FL1tIt7XEAQ2qog.jpg', 'https://pbs.twimg.com/media/FL1tI8NXsAU8FMV.jpg', 'https://pbs.twimg.com/media/FL1tJFYXMAgOa85.jpg']",2,1,9,[],[],https://twitter.com/LGMandelaBarnes/status/1494470655961620486,False,,1,https://pbs.twimg.com/media/FL1tIt7XEAQ2qog.jpg,,,,,,,[],,,,
1494470642737070080,1494470642737070080,2022-02-17 19:35:41 Eastern Standard Time,2022-02-17,19:35:41,-0400,1075866219465637888,lgmandelabarnes,Lt. Governor Mandela Barnes,,Was an honor to visit the @UWMadison campus to discuss @GovEvers plans to fund the freeze on in-state undergraduate tuition and increase access to mental health services through telehealth counseling and more mental health staff support on our campuses.  https://t.co/aGfAxF1iP1,en,"[{'screen_name': 'uwmadison', 'name': 'uw‚Äìmadison', 'id': '15763818'}, {'screen_name': 'govevers', 'name': 'governor tony evers', 'id': '234896532'}]",['https://www.wkow.com/news/lt-gov-barnes-touts-governors-proposal-for-uw-tuition-freeze/article_9aa3a2aa-8fab-11ec-abe7-0f39380eb923.html'],[],1,2,17,[],[],https://twitter.com/LGMandelaBarnes/status/1494470642737070080,False,,0,,,,,,,,[],,,,
1494433241977208835,1494433241977208835,2022-02-17 17:07:04 Eastern Standard Time,2022-02-17,17:07:04,-0400,1075866219465637888,lgmandelabarnes,Lt. Governor Mandela Barnes,,Thanks for having me! I had a great time visiting campus and discussing @GovEvers plans to fund the @UWSystem tuition freeze through the end of the biennium and provide funding for more mental health services on our campuses. #UWSP,en,"[{'screen_name': 'govevers', 'name': 'governor tony evers', 'id': '234896532'}, {'screen_name': 'uwsystem', 'name': 'uw system', 'id': '39261830'}]",[],[],2,0,14,['uwsp'],[],https://twitter.com/LGMandelaBarnes/status/1494433241977208835,False,https://twitter.com/UWSPChancellor/status/1494097273747390468,0,,,,,,,,[],,,,
1494007008500006918,1494007008500006918,2022-02-16 12:53:22 Eastern Standard Time,2022-02-16,12:53:22,-0400,1075866219465637888,lgmandelabarnes,Lt. Governor Mandela Barnes,,"Congrats to the eight individuals and six organizations that were honored at the 2021 Governor's Financial Literacy Awards! Thank you for your dedication to your communities, and your help in building financial literacy and capability skills here in Wisconsin.",en,[],[],[],3,0,6,[],[],https://twitter.com/LGMandelaBarnes/status/1494007008500006918,False,,0,,,,,,,,[],,,,
1493712310082445320,1493712310082445320,2022-02-15 17:22:21 Eastern Standard Time,2022-02-15,17:22:21,-0400,1075866219465637888,lgmandelabarnes,Lt. Governor Mandela Barnes,,"Proud to acknowledge National Donor Day with @repmyers and @bloodcenterWI. It's important we continue to highlight the crucial lifesaving services in our state. I encourage Wisconsinites to register to be donors, support blood drives, and give the gift of life through donation.  https://t.co/TgOZ0cQjtd",en,"[{'screen_name': 'repmyers', 'name': 'rep. lakeshia myers', 'id': '1081751867049291781'}, {'screen_name': 'bloodcenterwi', 'name': 'versiti blood center of wisconsin', 'id': '15533111'}]",[],['https://pbs.twimg.com/media/FLq7bfbXwAMjHG4.jpg'],4,0,18,[],[],https://twitter.com/LGMandelaBarnes/status/1493712310082445320,False,,1,https://pbs.twimg.com/media/FLq7bfbXwAMjHG4.jpg,,,,,,,[],,,,
1493418001386852354,1493418001386852354,2022-02-14 21:52:52 Eastern Standard Time,2022-02-14,21:52:52,-0400,1075866219465637888,lgmandelabarnes,Lt. Governor Mandela Barnes,,Big thanks to @sunprairiek12 for having myself and @rephebl join in the celebration of Black History Month. It's always an honor hearing what issues are important to our youth and how I can pass on that torch to our younger generations!  https://t.co/LlrXvHlgdc,en,"[{'screen_name': 'sunprairiek12', 'name': 'sun prairie schools', 'id': '30387114'}, {'screen_name': 'rephebl', 'name': 'gary hebl', 'id': '928645742780190722'}]",[],"['https://pbs.twimg.com/media/FLmvwCvXMAUzi6Q.jpg', 'https://pbs.twimg.com/media/FLmvwN9XwAIxvhk.jpg', 'https://pbs.twimg.com/media/FLmvwcoXsAYxY78.jpg']",3,0,9,[],[],https://twitter.com/LGMandelaBarnes/status/1493418001386852354,False,,1,https://pbs.twimg.com/media/FLmvwCvXMAUzi6Q.jpg,,,,,,,[],,,,
1492154098745057281,1492154098745057281,2022-02-11 10:10:34 Eastern Standard Time,2022-02-11,10:10:34,-0400,1075866219465637888,lgmandelabarnes,Lt. Governor Mandela Barnes,,"Had a great time meeting with UW-Madison's Black Law Students Association at the Black History Month Lunch! I'm inspired by the many promising young leaders we have here in Wisconsin, and I cannot wait to see you all achieve great things in the future!  https://t.co/GXhmKhrfTi",en,[],[],['https://pbs.twimg.com/media/FLUyPmxXoAUHKyp.jpg'],6,0,42,[],[],https://twitter.com/LGMandelaBarnes/status/1492154098745057281,False,,1,https://pbs.twimg.com/media/FLUyPmxXoAUHKyp.jpg,,,,,,,[],,,,
1491869941833818118,1491869941833818118,2022-02-10 15:21:26 Eastern Standard Time,2022-02-10,15:21:26,-0400,1075866219465637888,lgmandelabarnes,Lt. Governor Mandela Barnes,,I'm proud of Girl Scout Troops 1477 and 1952 of the Wisconsin Badgerland Council for raising awareness on climate change solutions in our state. We're in good hands when our youth show devotion and ingenuity on this issue!  https://t.co/F3CMXifrJQ  https://t.co/2fTd9wBN25,en,[],['https://www.youtube.com/watch?v=V4OZMNKg5Ao'],"['https://pbs.twimg.com/media/FLQvzP1XMAEmQFQ.jpg', 'https://pbs.twimg.com/media/FLQvzk0XIAI2AxT.jpg']",4,3,32,[],[],https://twitter.com/LGMandelaBarnes/status/1491869941833818118,False,,1,https://pbs.twimg.com/media/FLQvzP1XMAEmQFQ.jpg,,,,,,,[],,,,
1491838507425353735,1491838507425353735,2022-02-10 13:16:31 Eastern Standard Time,2022-02-10,13:16:31,-0400,1075866219465637888,lgmandelabarnes,Lt. Governor Mandela Barnes,,Thanks to @AIA_Wisconsin for having me join the Wisconsin Capitol Day Clean Energy Panel! It's always encouraging to see multiple partners ready and willing to address sustainability needs in our state.  https://t.co/tobBnXgdOp,en,"[{'screen_name': 'aia_wisconsin', 'name': 'aia wisconsin', 'id': '14934251'}]",[],['https://pbs.twimg.com/media/FLQTN4qXwAAmq1m.jpg'],3,1,7,[],[],https://twitter.com/LGMandelaBarnes/status/1491838507425353735,False,,1,https://pbs.twimg.com/media/FLQTN4qXwAAmq1m.jpg,,,,,,,[],,,,
1491145389730578433,1491145389730578433,2022-02-08 15:22:19 Eastern Standard Time,2022-02-08,15:22:19,-0400,1075866219465637888,lgmandelabarnes,Lt. Governor Mandela Barnes,,"Climate change presents a serious risk to the economic stability of property owners, small businesses, and entire communities. We can reduce these risks with education, preparation, and mitigation efforts.",en,[],[],[],4,0,6,[],[],https://twitter.com/LGMandelaBarnes/status/1491145389730578433,False,https://twitter.com/wisconsinoci/status/1490795761302491138,0,,,,,,,,[],,,,
1488937697402134528,1488937697402134528,2022-02-02 13:09:44 Eastern Standard Time,2022-02-02,13:09:44,-0400,1075866219465637888,lgmandelabarnes,Lt. Governor Mandela Barnes,,"Congrats to Evolve Church MKE on your new space! I admire your holistic commitment to supporting the community. From addressing hunger, small businesses, racial injustice, and spiritual needs, your impact and service to Milwaukee communities is greatly appreciated.  https://t.co/3r5rVD5t9v",en,[],[],['https://pbs.twimg.com/media/FKnE8dSWYAAkMeT.jpg'],5,2,9,[],[],https://twitter.com/LGMandelaBarnes/status/1488937697402134528,False,,1,https://pbs.twimg.com/media/FKnE8dSWYAAkMeT.jpg,,,,,,,[],,,,
1488920008394747905,1488920008394747905,2022-02-02 11:59:27 Eastern Standard Time,2022-02-02,11:59:27,-0400,1075866219465637888,lgmandelabarnes,Lt. Governor Mandela Barnes,,Happy #BlackHistoryMonth! Let's use the lessons we've learned from Black history to strive towards a better tomorrow for us all.  https://t.co/ybaQIUOgjK,en,[],[],[],4,1,11,['blackhistorymonth'],[],https://twitter.com/LGMandelaBarnes/status/1488920008394747905,False,,1,https://pbs.twimg.com/ext_tw_video_thumb/1488919541648433152/pu/img/WLzABrldqaZe3cpz.jpg,,,,,,,[],,,,
1488633717316898827,1488633717316898827,2022-02-01 17:01:50 Eastern Standard Time,2022-02-01,17:01:50,-0400,1075866219465637888,lgmandelabarnes,Lt. Governor Mandela Barnes,,Was an honor joining the #MidwestClimateCollaborative summit as a panelist! Encouraged to see coalitions being built that are dedicated to this important issue. Thanks to everyone involved with the summit and this crucial effort to develop a Midwestern response to climate change.  https://t.co/7IvHVNk5v9,en,[],[],"['https://pbs.twimg.com/media/FKiweXBXEAUi7NK.jpg', 'https://pbs.twimg.com/media/FKiwehaWQAQmeTB.jpg']",2,3,8,['midwestclimatecollaborative'],[],https://twitter.com/LGMandelaBarnes/status/1488633717316898827,False,,1,https://pbs.twimg.com/media/FKiweXBXEAUi7NK.jpg,,,,,,,[],,,,
1488613888690114561,1488613888690114561,2022-02-01 15:43:02 Eastern Standard Time,2022-02-01,15:43:02,-0400,1075866219465637888,lgmandelabarnes,Lt. Governor Mandela Barnes,,"Happy #LunarNewYear, everyone! I'm excited to see how we can channel our bravery, courage, and strength in the Year of the Tiger.",en,[],[],[],3,1,8,['lunarnewyear'],[],https://twitter.com/LGMandelaBarnes/status/1488613888690114561,False,,0,,,,,,,,[],,,,
1488594626210635780,1488594626210635780,2022-02-01 14:26:30 Eastern Standard Time,2022-02-01,14:26:30,-0400,1075866219465637888,lgmandelabarnes,Lt. Governor Mandela Barnes,,"Had the honor of joining Wisconsin's Legislative Black Caucus to kick off #BlackHistoryMonth! Let's use these 28 days to reflect on the progress we‚Äôve made and the challenges that remain, to honor those that laid the path before us, and to push forward.  https://t.co/4sxQL8FVli",en,[],[],['https://pbs.twimg.com/media/FKiM7FcXwAMELDF.jpg'],4,3,26,['blackhistorymonth'],[],https://twitter.com/LGMandelaBarnes/status/1488594626210635780,False,,1,https://pbs.twimg.com/media/FKiM7FcXwAMELDF.jpg,,,,,,,[],,,,
1488543947991535618,1488543947991535618,2022-02-01 11:05:07 Eastern Standard Time,2022-02-01,11:05:07,-0400,1075866219465637888,lgmandelabarnes,Lt. Governor Mandela Barnes,,"Happy 176th birthday, Milwaukee! This past year has shown that we have a resilient city of champions. Was an honor celebrating with our community leaders and I'm proud to call Milwaukee my home. I look forward to seeing it continue to thrive in year 177!  https://t.co/H20hzjOek6",en,[],['https://twitter.com/MKEBizJournal/status/1487095549274861569'],[],4,0,6,[],[],https://twitter.com/LGMandelaBarnes/status/1488543947991535618,False,https://twitter.com/MKEBizJournal/status/1487095549274861569,0,,,,,,,,[],,,,
1488318107034787842,1488318107034787842,2022-01-31 20:07:42 Eastern Standard Time,2022-01-31,20:07:42,-0400,1075866219465637888,lgmandelabarnes,Lt. Governor Mandela Barnes,,"Proud to join @WICorrections and @matcmilwaukee to honor 25 men and women in DOC care who got their Associate diplomas from MATC in 2021. This program helps to destigmatize the reentry process, reduce recidivism, and establish goals for the future.  https://t.co/HkwY2OVK8m",en,"[{'screen_name': 'wicorrections', 'name': 'wi department of corrections', 'id': '789624733'}, {'screen_name': 'matcmilwaukee', 'name': 'milwaukee area technical college', 'id': '27708702'}]",['https://www.tmj4.com/news/local-news/25-wisconsin-inmates-graduate-with-college-degrees'],[],3,4,18,[],[],https://twitter.com/LGMandelaBarnes/status/1488318107034787842,False,,0,,,,,,,,[],,,,
1488256718199050254,1488256718199050254,2022-01-31 16:03:46 Eastern Standard Time,2022-01-31,16:03:46,-0400,1075866219465637888,lgmandelabarnes,Lt. Governor Mandela Barnes,,Thanks to @RENEW_Wisconsin for having me take part in your 11th annual Renewable Energy Summit! I appreciate the great work that your organization does to advocate for renewable energy and to ensure that Wisconsin is on the right track toward a clean and reliable energy future.  https://t.co/1rEHoQFVV9,en,"[{'screen_name': 'renew_wisconsin', 'name': 'renew wisconsin', 'id': '54391852'}]",[],['https://pbs.twimg.com/media/FKdZmOkXoAk7-MR.jpg'],4,1,13,[],[],https://twitter.com/LGMandelaBarnes/status/1488256718199050254,False,,1,https://pbs.twimg.com/media/FKdZmOkXoAk7-MR.jpg,,,,,,,[],,,,
1485973265004834821,1485973265004834821,2022-01-25 08:50:09 Eastern Standard Time,2022-01-25,08:50:09,-0400,1075866219465637888,lgmandelabarnes,Lt. Governor Mandela Barnes,,Please be safe and prepare accordingly for the cold temps today!,en,[],[],[],6,1,5,[],[],https://twitter.com/LGMandelaBarnes/status/1485973265004834821,False,https://twitter.com/DHSWI/status/1485971969883451395,0,,,,,,,,[],,,,
1484592390258188289,1484592390258188289,2022-01-21 13:23:02 Eastern Standard Time,2022-01-21,13:23:02,-0400,1075866219465637888,lgmandelabarnes,Lt. Governor Mandela Barnes,,Thank you to the La Crosse Lighthouse for having @SenBradPfaff and me. I admire the amazing peer work you all do to support the La Crosse community in mental health and substance use challenges.  https://t.co/wjw2bVVOfU,en,"[{'screen_name': 'senbradpfaff', 'name': 'senator brad pfaff', 'id': '1346864195304792065'}]",[],"['https://pbs.twimg.com/media/FJpU6IzX0AomuNP.jpg', 'https://pbs.twimg.com/media/FJpU6VMXsAMvWaj.jpg']",7,2,12,[],[],https://twitter.com/LGMandelaBarnes/status/1484592390258188289,False,,1,https://pbs.twimg.com/media/FJpU6IzX0AomuNP.jpg,,,,,,,[],,,,
1484542254417076224,1484542254417076224,2022-01-21 10:03:49 Eastern Standard Time,2022-01-21,10:03:49,-0400,1075866219465637888,lgmandelabarnes,Lt. Governor Mandela Barnes,,Exciting news for @FFSpringRolls! Very proud to see how far you've come since 2013!,en,"[{'screen_name': 'ffspringrolls', 'name': 'funky fresh spring rolls', 'id': '3505594215'}]",[],[],3,0,4,[],[],https://twitter.com/LGMandelaBarnes/status/1484542254417076224,False,https://twitter.com/UrbanMilwaukee/status/1484184800873308160,0,,,,,,,,[],,,,
1484351279438594049,1484351279438594049,2022-01-20 21:24:57 Eastern Standard Time,2022-01-20,21:24:57,-0400,1075866219465637888,lgmandelabarnes,Lt. Governor Mandela Barnes,,Happy #nationalcheeseloversday! Let's take time to appreciate the almost 1200 cheesemakers in our great state by eating some cheese today!  https://t.co/XiAacv9Tvw,en,[],[],['https://pbs.twimg.com/media/FJl5nuWVcAc7K0M.jpg'],13,5,169,['nationalcheeseloversday'],[],https://twitter.com/LGMandelaBarnes/status/1484351279438594049,False,,1,https://pbs.twimg.com/media/FJl5nuWVcAc7K0M.jpg,,,,,,,[],,,,
1484227926967083018,1484227926967083018,2022-01-20 13:14:48 Eastern Standard Time,2022-01-20,13:14:48,-0400,1075866219465637888,lgmandelabarnes,Lt. Governor Mandela Barnes,,"Proud to stand with @PPAWI and other leaders today in support of the Abortion Rights Preservation Act. There is a serious threat to abortion access in WI, and this action to protect reproductive freedom is absolutely critical.  https://t.co/Z5x4kXlaiG",en,"[{'screen_name': 'ppawi', 'name': 'planned parenthood advocates of wisconsin', 'id': '36946426'}]",[],"['https://pbs.twimg.com/media/FJkJapKWYAgb9_v.jpg', 'https://pbs.twimg.com/media/FJkJapHX0A4b9B_.jpg']",7,5,27,[],[],https://twitter.com/LGMandelaBarnes/status/1484227926967083018,False,,1,https://pbs.twimg.com/media/FJkJapKWYAgb9_v.jpg,,,,,,,[],,,,
1483917126259949573,1483917126259949573,2022-01-19 16:39:47 Eastern Standard Time,2022-01-19,16:39:47,-0400,1075866219465637888,lgmandelabarnes,Lt. Governor Mandela Barnes,,"For MLK Day, I had the pleasure of joining @SenBradPfaff in meeting with the Black Student Leaders group at Hope Restores WI in La Crosse. It was great to see young activists making it a day on rather than a day off, truly in the spirit of Rev. Dr. King.  https://t.co/U7F9EFxuz6",en,"[{'screen_name': 'senbradpfaff', 'name': 'senator brad pfaff', 'id': '1346864195304792065'}]",['https://www.wxow.com/news/top-stories/on-mlk-day-barnes-recognizes-la-crosse-groups-fight-for-equity/article_f1e10d5c-77d5-11ec-aeb9-d72eba7494bc.html'],[],4,4,19,[],[],https://twitter.com/LGMandelaBarnes/status/1483917126259949573,False,,0,,,,,,,,[],,,,
1483519450385162243,1483519448736747522,2022-01-18 14:19:34 Eastern Standard Time,2022-01-18,14:19:34,-0400,1075866219465637888,lgmandelabarnes,Lt. Governor Mandela Barnes,,Click on the link above from @DHSWI for testing resources here in WI or visit  https://t.co/LnfmPc0gCc to order free tests online.,en,"[{'screen_name': 'dhswi', 'name': 'widepthealthservices', 'id': '293028988'}]",['https://www.covidtests.gov/'],[],4,0,4,[],[],https://twitter.com/LGMandelaBarnes/status/1483519450385162243,False,,0,,,,,,,,[],,,,
1483519448736747522,1483519448736747522,2022-01-18 14:19:33 Eastern Standard Time,2022-01-18,14:19:33,-0400,1075866219465637888,lgmandelabarnes,Lt. Governor Mandela Barnes,,‚¨áÔ∏è‚¨áÔ∏è‚¨áÔ∏è‚¨áÔ∏è,und,[],[],[],7,1,7,[],[],https://twitter.com/LGMandelaBarnes/status/1483519448736747522,False,https://twitter.com/DHSWI/status/1483500686092341250,0,,,,,,,,[],,,,
1483127987260243973,1483127838085681156,2022-01-17 12:24:02 Eastern Standard Time,2022-01-17,12:24:02,-0400,1075866219465637888,lgmandelabarnes,Lt. Governor Mandela Barnes,, https://t.co/06ljNMWseB,und,[],[],[],3,0,6,[],[],https://twitter.com/LGMandelaBarnes/status/1483127987260243973,False,,1,https://pbs.twimg.com/ext_tw_video_thumb/1483127911334952965/pu/img/g9LFZaDsORwTvkPN.jpg,,,,,,,[],,,,
1483127838085681156,1483127838085681156,2022-01-17 12:23:26 Eastern Standard Time,2022-01-17,12:23:26,-0400,1075866219465637888,lgmandelabarnes,Lt. Governor Mandela Barnes,,"Today, let's take time to honor the legacy of Dr. King. We've made progress toward achieving his dream, with the office I am privileged to hold as evidence of that. However, our work is not done. We must pledge not to return to normal, but to continually move forward. #MLKDay  https://t.co/Yn2qcSRDDE",en,[],[],[],3,6,34,['mlkday'],[],https://twitter.com/LGMandelaBarnes/status/1483127838085681156,False,,1,https://pbs.twimg.com/ext_tw_video_thumb/1483127699568828422/pu/img/k2Xlx3_FmKwk4bLF.jpg,,,,,,,[],,,,
1480581526601482243,1480581524487655427,2022-01-10 11:45:18 Eastern Standard Time,2022-01-10,11:45:18,-0400,1075866219465637888,lgmandelabarnes,Lt. Governor Mandela Barnes,,"Now more than ever, we must support our local businesses.",en,[],[],[],6,1,6,[],[],https://twitter.com/LGMandelaBarnes/status/1480581526601482243,False,,0,,,,,,,,[],,,,
1480581524487655427,1480581524487655427,2022-01-10 11:45:17 Eastern Standard Time,2022-01-10,11:45:17,-0400,1075866219465637888,lgmandelabarnes,Lt. Governor Mandela Barnes,,Huge thanks to @justcoffeecoop for the tour! I loved hearing about your unique business model and commitment to the community. It's always heartening to see the resilience of small businesses as they continue to adapt during the pandemic.  https://t.co/xTdt8b5lUJ,en,"[{'screen_name': 'justcoffeecoop', 'name': 'just coffee coop', 'id': '97810580'}]",[],"['https://pbs.twimg.com/media/FIwVC6rX0AcKTpx.jpg', 'https://pbs.twimg.com/media/FIwVDK5X0AYe56c.jpg']",8,2,32,[],[],https://twitter.com/LGMandelaBarnes/status/1480581524487655427,False,,1,https://pbs.twimg.com/media/FIwVC6rX0AcKTpx.jpg,,,,,,,[],,,,
1479521009950765063,1479521008570834950,2022-01-07 13:31:11 Eastern Standard Time,2022-01-07,13:31:11,-0400,1075866219465637888,lgmandelabarnes,Lt. Governor Mandela Barnes,, https://t.co/8FoWNTEhcz,und,[],['https://www.jsonline.com/story/news/2022/01/05/wisconsin-council-churches-recommends-pause-person-services/9108565002/'],[],7,2,3,[],[],https://twitter.com/LGMandelaBarnes/status/1479521009950765063,False,,0,,,,,,,,[],,,,
1479521008570834950,1479521008570834950,2022-01-07 13:31:11 Eastern Standard Time,2022-01-07,13:31:11,-0400,1075866219465637888,lgmandelabarnes,Lt. Governor Mandela Barnes,,I've been proud to partner with faith leaders throughout our state on how we can best support one another during the pandemic. I‚Äôm especially grateful for all the work that @wichurches has done to keep congregations and our communities safe during these trying times.,en,"[{'screen_name': 'wichurches', 'name': 'wi councilofchurches', 'id': '927611954046357504'}]",[],[],8,1,8,[],[],https://twitter.com/LGMandelaBarnes/status/1479521008570834950,False,,0,,,,,,,,[],,,,
1479215423392518153,1479215423392518153,2022-01-06 17:16:54 Eastern Standard Time,2022-01-06,17:16:54,-0400,1075866219465637888,lgmandelabarnes,Lt. Governor Mandela Barnes,,Very excited to meet and welcome the @Globies to Madison! We had a great discussion about community engagement and how we can continue to make positive impacts for everyone. I look forward to seeing what 2022 has in store for you!  https://t.co/Gp7f7ZOPDd,en,"[{'screen_name': 'globies', 'name': 'harlem globetrotters', 'id': '24060589'}]",[],"['https://pbs.twimg.com/media/FIc6lZCXoAMjDxZ.jpg', 'https://pbs.twimg.com/media/FIc6lqyXIAYNjsA.jpg']",8,2,18,[],[],https://twitter.com/LGMandelaBarnes/status/1479215423392518153,False,,1,https://pbs.twimg.com/media/FIc6lZCXoAMjDxZ.jpg,,,,,,,[],,,,
1478765629574369287,1478765629574369287,2022-01-05 11:29:34 Eastern Standard Time,2022-01-05,11:29:34,-0400,1075866219465637888,lgmandelabarnes,Lt. Governor Mandela Barnes,,WI - please help #StopTheSpead by taking steps to protect yourself and your community!    https://t.co/I3y7GUbPmW,en,[],['https://www.dhs.wisconsin.gov/covid-19/community.htm'],[],8,4,9,['stopthespead'],[],https://twitter.com/LGMandelaBarnes/status/1478765629574369287,False,https://twitter.com/WIHospitalAssn/status/1478758382832074756,0,,,,,,,,[],,,,
1478498075815686146,1478498075815686146,2022-01-04 17:46:25 Eastern Standard Time,2022-01-04,17:46:25,-0400,1075866219465637888,lgmandelabarnes,Lt. Governor Mandela Barnes,,Be safe and take the precautious below! ‚¨áÔ∏è‚¨áÔ∏è‚¨áÔ∏è,en,[],[],[],6,1,11,[],[],https://twitter.com/LGMandelaBarnes/status/1478498075815686146,False,https://twitter.com/ReadyWisconsin/status/1478458467149041665,0,,,,,,,,[],,,,
1473391005604921351,1473390998633992203,2021-12-21 15:32:44 Eastern Standard Time,2021-12-21,15:32:44,-0400,1075866219465637888,lgmandelabarnes,Lt. Governor Mandela Barnes,,I hope we can continue to make concerted efforts to uplift¬†underserved¬†groups in our state through equitable opportunities like ALIVE MKE provides.  https://t.co/EYIg4ThVtV,en,[],[],['https://pbs.twimg.com/media/FHKJT5lXsAoqaL7.jpg'],3,0,3,[],[],https://twitter.com/LGMandelaBarnes/status/1473391005604921351,False,,1,https://pbs.twimg.com/media/FHKJT5lXsAoqaL7.jpg,,,,,,,[],,,,
1473390998633992203,1473390998633992203,2021-12-21 15:32:43 Eastern Standard Time,2021-12-21,15:32:43,-0400,1075866219465637888,lgmandelabarnes,Lt. Governor Mandela Barnes,,Huge shout-out to @alivemke for inviting me to their¬†Holiday Luncheon! It is truly invigorating to see our young black men in Milwaukee succeeding and supporting one another.  https://t.co/jDMtG6zamR,en,"[{'screen_name': 'alivemke', 'name': 'alive milwaukee', 'id': '580540284'}]",[],"['https://pbs.twimg.com/media/FHKJTNoWQAAB5x6.jpg', 'https://pbs.twimg.com/media/FHKJTeHWUAMB1wp.jpg']",3,2,8,[],[],https://twitter.com/LGMandelaBarnes/status/1473390998633992203,False,,1,https://pbs.twimg.com/media/FHKJTNoWQAAB5x6.jpg,,,,,,,[],,,,
1473378916995899398,1473378914349334534,2021-12-21 14:44:42 Eastern Standard Time,2021-12-21,14:44:42,-0400,1075866219465637888,lgmandelabarnes,Lt. Governor Mandela Barnes,,"The new facility is remarkable, and I look forward to seeing the partnership between you and Milwaukee's south side!",en,[],[],[],2,0,2,[],[],https://twitter.com/LGMandelaBarnes/status/1473378916995899398,False,,0,,,,,,,,[],,,,
1473378914349334534,1473378914349334534,2021-12-21 14:44:41 Eastern Standard Time,2021-12-21,14:44:41,-0400,1075866219465637888,lgmandelabarnes,Lt. Governor Mandela Barnes,,"Thank you to @CaravelAutism for having me attend the grand opening of your new clinic! It is important that we continue to provide our children, especially children of color, with equitable and accessible autism care.  https://t.co/ffNsOwTTXn",en,"[{'screen_name': 'caravelautism', 'name': 'caravel autism', 'id': '2329316762'}]",[],['https://pbs.twimg.com/media/FHJ-UGzWYAYKeJ0.jpg'],4,3,13,[],[],https://twitter.com/LGMandelaBarnes/status/1473378914349334534,False,,1,https://pbs.twimg.com/media/FHJ-UGzWYAYKeJ0.jpg,,,,,,,[],,,,
1473367371553382416,1473367369573703680,2021-12-21 13:58:49 Eastern Standard Time,2021-12-21,13:58:49,-0400,1075866219465637888,lgmandelabarnes,Lt. Governor Mandela Barnes,,I am excited to see how we can continue this dialogue and enact change!,en,[],[],[],2,0,6,[],[],https://twitter.com/LGMandelaBarnes/status/1473367371553382416,False,,0,,,,,,,,[],,,,
1473367369573703680,1473367369573703680,2021-12-21 13:58:49 Eastern Standard Time,2021-12-21,13:58:49,-0400,1075866219465637888,lgmandelabarnes,Lt. Governor Mandela Barnes,,Had the honor of speaking at the @WISustainableBC annual conference. I'm encouraged by the network of businesses and organizations dedicated to achieving sustainability. Learning from one another is one crucial way that we can combat the impacts of climate change.  https://t.co/1bgL5KHJw2,en,"[{'screen_name': 'wisustainablebc', 'name': 'wsbc', 'id': '85442316'}]",[],['https://pbs.twimg.com/media/FHJz0H5XEAkbTnT.jpg'],4,1,18,[],[],https://twitter.com/LGMandelaBarnes/status/1473367369573703680,False,,1,https://pbs.twimg.com/media/FHJz0H5XEAkbTnT.jpg,,,,,,,[],,,,
1473048341424521222,1473048341424521222,2021-12-20 16:51:07 Eastern Standard Time,2021-12-20,16:51:07,-0400,1075866219465637888,lgmandelabarnes,Lt. Governor Mandela Barnes,,‚¨áÔ∏è‚¨áÔ∏è‚¨áÔ∏è,und,[],[],[],5,2,8,[],[],https://twitter.com/LGMandelaBarnes/status/1473048341424521222,False,https://twitter.com/DHSWI/status/1472993966396166149,0,,,,,,,,[],,,,
1469038713191682056,1469038711325216769,2021-12-09 15:18:17 Eastern Standard Time,2021-12-09,15:18:17,-0400,1075866219465637888,lgmandelabarnes,Lt. Governor Mandela Barnes,,This is important as we work to provide equitable opportunities for diverse businesses in our communities.,en,[],[],[],6,0,1,[],[],https://twitter.com/LGMandelaBarnes/status/1469038713191682056,False,,0,,,,,,,,[],,,,
1469038711325216769,1469038711325216769,2021-12-09 15:18:16 Eastern Standard Time,2021-12-09,15:18:16,-0400,1075866219465637888,lgmandelabarnes,Lt. Governor Mandela Barnes,,"I was honored to join @WEDCNews for another great MARKETPLACE event! MARKETPLACE provides a great networking opportunity for minority, woman, veteran, small, and LGBTQ-owned businesses to connect with state partners.  https://t.co/MfPJ1gLRuZ",en,"[{'screen_name': 'wedcnews', 'name': 'wedcnews', 'id': '3319489378'}]",[],['https://pbs.twimg.com/media/FGMS7A9WYAACp-x.jpg'],7,5,14,[],[],https://twitter.com/LGMandelaBarnes/status/1469038711325216769,False,,1,https://pbs.twimg.com/media/FGMS7A9WYAACp-x.jpg,,,,,,,[],,,,
1468360888759595011,1468360888759595011,2021-12-07 18:24:51 Eastern Standard Time,2021-12-07,18:24:51,-0400,1075866219465637888,lgmandelabarnes,Lt. Governor Mandela Barnes,,Had an amazing time at the annual @uwgreenbay Kwanzaa celebration! Thanks to the Black Student Union and everyone else who made it happen. The principle of Ujamaa is especially relevant as we aim to support small businesses and communities of color during the pandemic.  https://t.co/Ctt4HubAJY,en,"[{'screen_name': 'uwgreenbay', 'name': 'uw-green bay', 'id': '63966015'}]",[],"['https://pbs.twimg.com/media/FGCqcSeWUAk8Xe2.jpg', 'https://pbs.twimg.com/media/FGCqckHX0AURNh-.jpg']",8,1,15,[],[],https://twitter.com/LGMandelaBarnes/status/1468360888759595011,False,,1,https://pbs.twimg.com/media/FGCqcSeWUAk8Xe2.jpg,,,,,,,[],,,,
1468291765878853638,1468291765878853638,2021-12-07 13:50:11 Eastern Standard Time,2021-12-07,13:50:11,-0400,1075866219465637888,lgmandelabarnes,Lt. Governor Mandela Barnes,,"Thanks to the Hmong Institute for having me volunteer with their monthly food care box pickup program. The holistic support that is being provided to the community is nothing short of admirable, and I commend all the volunteers and staff on their hard work!  https://t.co/djQAhpSeA5",en,[],[],"['https://pbs.twimg.com/media/FGBrkMsXMAAhmT_.jpg', 'https://pbs.twimg.com/media/FGBrkg1XwAMOn3w.jpg', 'https://pbs.twimg.com/media/FGBrkzQXwAsixC_.jpg', 'https://pbs.twimg.com/media/FGBrlEGWYAokK58.jpg']",8,4,30,[],[],https://twitter.com/LGMandelaBarnes/status/1468291765878853638,False,,1,https://pbs.twimg.com/media/FGBrkMsXMAAhmT_.jpg,,,,,,,[],,,,
1466850658913603584,1466850658913603584,2021-12-03 14:23:44 Eastern Standard Time,2021-12-03,14:23:44,-0400,1075866219465637888,lgmandelabarnes,Lt. Governor Mandela Barnes,,"Alonzo Robinson was Milwaukee and Wisconsin's first licensed black architect. He shaped much of our state, and I am glad that he is finally getting well-deserved recognition. Thank you to the Robinson family, @MilFireDept, and @MKE_CC for helping to rename HQ in honor of him.  https://t.co/aYmWGXWv0f",en,"[{'screen_name': 'milfiredept', 'name': 'milwaukee fd', 'id': '95754117'}, {'screen_name': 'mke_cc', 'name': 'mke common council', 'id': '35778823'}]",[],"['https://pbs.twimg.com/media/FFtM5PaWYAwlLtG.jpg', 'https://pbs.twimg.com/media/FFtM5bhWQAQNY2F.jpg', 'https://pbs.twimg.com/media/FFtM5ocWQAgpfWL.jpg']",4,4,22,[],[],https://twitter.com/LGMandelaBarnes/status/1466850658913603584,False,,1,https://pbs.twimg.com/media/FFtM5PaWYAwlLtG.jpg,,,,,,,[],,,,
